"workerid","time"
0,1.8712
1,1.7852
2,2.28955
3,3.62038333333333
4,3.43431666666667
5,1.1642
6,2.51636666666667
7,2.04996666666667
8,1.65273333333333
9,1.28535
10,3.2271
11,3.63236666666667
12,1.36266666666667
13,6.69178333333333
14,4.52345
15,15.7310166666667
16,2.5359
17,8.376
