Estimate,Std..Error,df,t.value,Pr...t..,Rowname
0.4662910719273973,0.004997321933527291,147.0465661389427,93.30819149333294,9.434826991304648e-133,(Intercept)
-0.005632616100153818,0.005784947033454799,214.21588138202011,-0.9736677047481958,0.33131973964623773,conditionimplicit
-0.06353163281624505,0.0068561819500066725,267.8983759930235,-9.266328297513052,6.5575572499689796e-18,adj_type1
-0.35270109192792504,0.008200355994630223,46.837156881021905,-43.01046102862871,2.6675978744127625e-39,adj_type2
-0.19137753016645034,0.008222339846037877,41.86053691241961,-23.275312593491254,1.42268193635875e-25,adj_type3
0.0633103421818088,0.009413653127395179,6457.136373682508,6.725374445502561,1.9016474008201557e-11,conditionimplicit:adj_type1
0.07891778152985193,0.009416106804572433,6447.237045698438,8.381147661954056,6.372068227400308e-17,conditionimplicit:adj_type2
0.0548851103040351,0.009419017945286304,6467.666185754567,5.82705231297516,5.9129489499839056e-9,conditionimplicit:adj_type3
