Estimate,Std..Error,df,t.value,Pr...t..,Rowname
0.4609245953124908,0.003108846276174272,159.11309804241063,148.26226656652253,1.877036959338129e-172,(Intercept)
0.021704222385951922,0.004196763553170272,566.8143860510488,5.17165718558444,3.223040437609113e-7,antonym_typelexant
-6.353888610042779e-4,0.006284539216679033,48.96987657788539,-0.10110349209341704,0.9198811334554347,adj_type1
-0.27364607318685014,0.013267758877725477,108.32830171740113,-20.624890436188114,2.6274218202518173e-39,adj_type2
-0.1363100807535647,0.009783853311434429,55.48003459197246,-13.932146815228574,9.202043100080914e-20,adj_type3
-0.021279370266631556,0.007946446024818917,565.1269697213011,-2.677847455349257,0.0076251767739378635,antonym_typelexant:adj_type1
-0.04423996252064698,0.01572350983473582,568.2364320497813,-2.813618777590842,0.005068297828555963,antonym_typelexant:adj_type2
0.05809563620578667,0.010741756706729735,566.2413187163567,5.408392481035213,9.393199045791839e-8,antonym_typelexant:adj_type3
