Estimate,Std..Error,df,t.value,Pr...t..,Rowname
0.036479166666664405,0.034052674895965786,38.99999944286592,1.0712570092690745,0.2906387331980308,(Intercept)
