Estimate,Std..Error,df,t.value,Pr...t..,Rowname
0.4391603003891656,0.007179189628125013,19.87533807821336,61.17129134863944,0,(Intercept)
0.04067657328557611,0.009679464196370724,16.58636351449007,4.202357946716475,6.284188869760676e-4,antonym_typelexical
0.0034119613401462014,0.00873134970678162,16.708402365363902,0.3907713531959599,0.700903889819023,st1
0.1039628434082165,0.008382584572263313,38.07754645699429,12.402242114229734,5.995204332975845e-15,st2
0.09457850033484899,0.003688493007198105,140.36945883609755,25.641501868182687,0,st3
0.02932751744318619,0.012219694012026952,16.03991637633524,2.400020607252625,0.028884443049232544,antonym_typelexical:st1
0.017344498062689024,0.009520005493137933,16.94527705068375,1.8219000057501042,0.08616929108881966,antonym_typelexical:st2
-0.011626482402939172,0.0032276334106539576,97.9818080107667,-3.6021694299488325,4.977407634023656e-4,antonym_typelexical:st3
