aveTime,sdTime
3.286288611111111,2.542651523173379
